Id,BillingCity,BillingCountry,BillingState,Industry,Name,Phone
001T700001j21AUIAY,New York,US,NY,Technology,MDD_Q4lP0X7Y_Acct_001,555-0001
001T700001j21AVIAY,Chicago,US,IL,Technology,MDD_Q4lP0X7Y_Acct_002,555-0002
001T700001j21AWIAY,Austin,US,TX,Technology,MDD_Q4lP0X7Y_Acct_003,555-0003
001T700001j21AXIAY,Seattle,US,WA,Technology,MDD_Q4lP0X7Y_Acct_004,555-0004
001T700001j21AYIAY,San Francisco,US,CA,Technology,MDD_Q4lP0X7Y_Acct_005,555-0005
001T700001j21AZIAY,New York,US,NY,Technology,MDD_Q4lP0X7Y_Acct_006,555-0006
001T700001j21AaIAI,Chicago,US,IL,Technology,MDD_Q4lP0X7Y_Acct_007,555-0007
001T700001j21AbIAI,Austin,US,TX,Technology,MDD_Q4lP0X7Y_Acct_008,555-0008
001T700001j21AcIAI,Seattle,US,WA,Technology,MDD_Q4lP0X7Y_Acct_009,555-0009
001T700001j21AdIAI,San Francisco,US,CA,Technology,MDD_Q4lP0X7Y_Acct_010,555-0010
001T700001j21GvIAI,New York,US,NY,Technology,MDD_oaK9TrUS_Acct_001,555-0001
001T700001j21GwIAI,Chicago,US,IL,Technology,MDD_oaK9TrUS_Acct_002,555-0002
001T700001j21GxIAI,Austin,US,TX,Technology,MDD_oaK9TrUS_Acct_003,555-0003
001T700001j21GyIAI,Seattle,US,WA,Technology,MDD_oaK9TrUS_Acct_004,555-0004
001T700001j21GzIAI,San Francisco,US,CA,Technology,MDD_oaK9TrUS_Acct_005,555-0005
001T700001j21H0IAI,New York,US,NY,Technology,MDD_oaK9TrUS_Acct_006,555-0006
001T700001j21H1IAI,Chicago,US,IL,Technology,MDD_oaK9TrUS_Acct_007,555-0007
001T700001j21H2IAI,Austin,US,TX,Technology,MDD_oaK9TrUS_Acct_008,555-0008
001T700001j21H3IAI,Seattle,US,WA,Technology,MDD_oaK9TrUS_Acct_009,555-0009
001T700001j21H4IAI,San Francisco,US,CA,Technology,MDD_oaK9TrUS_Acct_010,555-0010
001T700001j28OrIAI,New York,US,NY,Technology,MDD_gqVQvWEs_Acct_001,555-0001
001T700001j28OsIAI,Chicago,US,IL,Technology,MDD_gqVQvWEs_Acct_002,555-0002
001T700001j28OtIAI,Austin,US,TX,Technology,MDD_gqVQvWEs_Acct_003,555-0003
001T700001j28OuIAI,Seattle,US,WA,Technology,MDD_gqVQvWEs_Acct_004,555-0004
001T700001j28OvIAI,San Francisco,US,CA,Technology,MDD_gqVQvWEs_Acct_005,555-0005
001T700001j28OwIAI,New York,US,NY,Technology,MDD_gqVQvWEs_Acct_006,555-0006
001T700001j28OxIAI,Chicago,US,IL,Technology,MDD_gqVQvWEs_Acct_007,555-0007
001T700001j28OyIAI,Austin,US,TX,Technology,MDD_gqVQvWEs_Acct_008,555-0008
001T700001j28OzIAI,Seattle,US,WA,Technology,MDD_gqVQvWEs_Acct_009,555-0009
001T700001j28P0IAI,San Francisco,US,CA,Technology,MDD_gqVQvWEs_Acct_010,555-0010
001T700001j2MV5IAM,New York,US,NY,Technology,MDD_P96acBsQ_Acct_001,555-0001
001T700001j2MV6IAM,Chicago,US,IL,Technology,MDD_P96acBsQ_Acct_002,555-0002
001T700001j2MV7IAM,Austin,US,TX,Technology,MDD_P96acBsQ_Acct_003,555-0003
001T700001j2MV8IAM,Seattle,US,WA,Technology,MDD_P96acBsQ_Acct_004,555-0004
001T700001j2MV9IAM,San Francisco,US,CA,Technology,MDD_P96acBsQ_Acct_005,555-0005
001T700001j2MVAIA2,New York,US,NY,Technology,MDD_P96acBsQ_Acct_006,555-0006
001T700001j2MVBIA2,Chicago,US,IL,Technology,MDD_P96acBsQ_Acct_007,555-0007
001T700001j2MVCIA2,Austin,US,TX,Technology,MDD_P96acBsQ_Acct_008,555-0008
001T700001j2MVDIA2,Seattle,US,WA,Technology,MDD_P96acBsQ_Acct_009,555-0009
001T700001j2MVEIA2,San Francisco,US,CA,Technology,MDD_P96acBsQ_Acct_010,555-0010
001T700001j2ONLIA2,New York,US,NY,Technology,MDD_dXAi3otI_Acct_001,555-0001
001T700001j2ONMIA2,Chicago,US,IL,Technology,MDD_dXAi3otI_Acct_002,555-0002
001T700001j2ONNIA2,Austin,US,TX,Technology,MDD_dXAi3otI_Acct_003,555-0003
001T700001j2ONOIA2,Seattle,US,WA,Technology,MDD_dXAi3otI_Acct_004,555-0004
001T700001j2ONPIA2,San Francisco,US,CA,Technology,MDD_dXAi3otI_Acct_005,555-0005
001T700001j2ONQIA2,New York,US,NY,Technology,MDD_dXAi3otI_Acct_006,555-0006
001T700001j2ONRIA2,Chicago,US,IL,Technology,MDD_dXAi3otI_Acct_007,555-0007
001T700001j2ONSIA2,Austin,US,TX,Technology,MDD_dXAi3otI_Acct_008,555-0008
001T700001j2ONTIA2,Seattle,US,WA,Technology,MDD_dXAi3otI_Acct_009,555-0009
001T700001j2ONUIA2,San Francisco,US,CA,Technology,MDD_dXAi3otI_Acct_010,555-0010
001T700001j2S5pIAE,New York,US,NY,Technology,MDD_sOuJ3nZj_Acct_001,555-0001
001T700001j2S5qIAE,Chicago,US,IL,Technology,MDD_sOuJ3nZj_Acct_002,555-0002
001T700001j2S5rIAE,Austin,US,TX,Technology,MDD_sOuJ3nZj_Acct_003,555-0003
001T700001j2S5sIAE,Seattle,US,WA,Technology,MDD_sOuJ3nZj_Acct_004,555-0004
001T700001j2S5tIAE,San Francisco,US,CA,Technology,MDD_sOuJ3nZj_Acct_005,555-0005
001T700001j2S5uIAE,New York,US,NY,Technology,MDD_sOuJ3nZj_Acct_006,555-0006
001T700001j2S5vIAE,Chicago,US,IL,Technology,MDD_sOuJ3nZj_Acct_007,555-0007
001T700001j2S5wIAE,Austin,US,TX,Technology,MDD_sOuJ3nZj_Acct_008,555-0008
001T700001j2S5xIAE,Seattle,US,WA,Technology,MDD_sOuJ3nZj_Acct_009,555-0009
001T700001j2S5yIAE,San Francisco,US,CA,Technology,MDD_sOuJ3nZj_Acct_010,555-0010
001T700001j2SpKIAU,New York,US,NY,Technology,MDD_72yJp3eY_Acct_001,555-0001
001T700001j2SpLIAU,Chicago,US,IL,Technology,MDD_72yJp3eY_Acct_002,555-0002
001T700001j2SpMIAU,Austin,US,TX,Technology,MDD_72yJp3eY_Acct_003,555-0003
001T700001j2SpNIAU,Seattle,US,WA,Technology,MDD_72yJp3eY_Acct_004,555-0004
001T700001j2SpOIAU,San Francisco,US,CA,Technology,MDD_72yJp3eY_Acct_005,555-0005
001T700001j2SpPIAU,New York,US,NY,Technology,MDD_72yJp3eY_Acct_006,555-0006
001T700001j2SpQIAU,Chicago,US,IL,Technology,MDD_72yJp3eY_Acct_007,555-0007
001T700001j2SpRIAU,Austin,US,TX,Technology,MDD_72yJp3eY_Acct_008,555-0008
001T700001j2SpSIAU,Seattle,US,WA,Technology,MDD_72yJp3eY_Acct_009,555-0009
001T700001j2SpTIAU,San Francisco,US,CA,Technology,MDD_72yJp3eY_Acct_010,555-0010
001T700001j2wopIAA,New York,US,NY,Technology,MDD_uPc6qywd_Acct_001,555-0001
001T700001j2woqIAA,Chicago,US,IL,Technology,MDD_uPc6qywd_Acct_002,555-0002
001T700001j2worIAA,Austin,US,TX,Technology,MDD_uPc6qywd_Acct_003,555-0003
001T700001j2wosIAA,Seattle,US,WA,Technology,MDD_uPc6qywd_Acct_004,555-0004
001T700001j2wotIAA,San Francisco,US,CA,Technology,MDD_uPc6qywd_Acct_005,555-0005
001T700001j2wouIAA,New York,US,NY,Technology,MDD_uPc6qywd_Acct_006,555-0006
001T700001j2wovIAA,Chicago,US,IL,Technology,MDD_uPc6qywd_Acct_007,555-0007
001T700001j2wowIAA,Austin,US,TX,Technology,MDD_uPc6qywd_Acct_008,555-0008
001T700001j2woxIAA,Seattle,US,WA,Technology,MDD_uPc6qywd_Acct_009,555-0009
001T700001j2woyIAA,San Francisco,US,CA,Technology,MDD_uPc6qywd_Acct_010,555-0010
001T700001kNAenIAG,New York,US,NY,Technology,MDD_f2CwzO3k_Acct_001,555-0001
001T700001kNAeoIAG,Chicago,US,IL,Technology,MDD_f2CwzO3k_Acct_002,555-0002
001T700001kNAepIAG,Austin,US,TX,Technology,MDD_f2CwzO3k_Acct_003,555-0003
001T700001kNAeqIAG,Seattle,US,WA,Technology,MDD_f2CwzO3k_Acct_004,555-0004
001T700001kNAerIAG,San Francisco,US,CA,Technology,MDD_f2CwzO3k_Acct_005,555-0005
001T700001kNAesIAG,New York,US,NY,Technology,MDD_f2CwzO3k_Acct_006,555-0006
001T700001kNAetIAG,Chicago,US,IL,Technology,MDD_f2CwzO3k_Acct_007,555-0007
001T700001kNAeuIAG,Austin,US,TX,Technology,MDD_f2CwzO3k_Acct_008,555-0008
001T700001kNAevIAG,Seattle,US,WA,Technology,MDD_f2CwzO3k_Acct_009,555-0009
001T700001kNAewIAG,San Francisco,US,CA,Technology,MDD_f2CwzO3k_Acct_010,555-0010
001T700001kNtYfIAK,New York,US,NY,Technology,MDD_reMWaFKr_Acct_001,555-0001
001T700001kNtYgIAK,Chicago,US,IL,Technology,MDD_reMWaFKr_Acct_002,555-0002
001T700001kNtYhIAK,Austin,US,TX,Technology,MDD_reMWaFKr_Acct_003,555-0003
001T700001kNtYiIAK,Seattle,US,WA,Technology,MDD_reMWaFKr_Acct_004,555-0004
001T700001kNtYjIAK,San Francisco,US,CA,Technology,MDD_reMWaFKr_Acct_005,555-0005
001T700001kNtYkIAK,New York,US,NY,Technology,MDD_reMWaFKr_Acct_006,555-0006
001T700001kNtYlIAK,Chicago,US,IL,Technology,MDD_reMWaFKr_Acct_007,555-0007
001T700001kNtYmIAK,Austin,US,TX,Technology,MDD_reMWaFKr_Acct_008,555-0008
001T700001kNtYnIAK,Seattle,US,WA,Technology,MDD_reMWaFKr_Acct_009,555-0009
001T700001kNtYoIAK,San Francisco,US,CA,Technology,MDD_reMWaFKr_Acct_010,555-0010
